<?xml version="1.0" encoding="utf-8"?>
<extension type="module" version="2.5.5" client="site" method="upgrade">
	<name>DJ-ImageSlider</name>
	<creationDate>March 2013</creationDate>	
	<author>DJ-Extensions.com</author>
	<copyright>Copyright (C) 2013 DJ-Extensions.com, All rights reserved.</copyright>
	<license> http://www.gnu.org/licenses GNU/GPL</license>
	<authorEmail>contact@dj-extensions.com</authorEmail>
	<authorUrl>http://dj-extensions.com</authorUrl>
	<version>2.2.4</version>
	<description>DJ-ImageSlider Module</description>
	<files>
		<filename module="mod_djimageslider">mod_djimageslider.php</filename>
		<filename>mod_djimageslider.xml</filename>
		<filename>helper.php</filename>
		<filename>index.html</filename>
		<folder>tmpl</folder>
		<folder>assets</folder>
		<folder>language</folder>
		<folder>images</folder>
	</files>
	
	<config>
		<fields name="params">
			<fieldset name="basic">
				<field name="slider_source" type="list" default="0" label="MOD_DJIMAGESLIDER_SLIDER_SOURCE" description="MOD_DJIMAGESLIDER_SLIDER_SOURCE_DESC">
					<option value="0">MOD_DJIMAGESLIDER_FOLDER</option>
					<option value="1">MOD_DJIMAGESLIDER_COMPONENT</option>
				</field>
                                <field name="show_slider" type="radio" class="btn-group" default="1" label="MOD_DJIMAGESLIDER_SHOW_SLIDER" description="MOD_DJIMAGESLIDER_SHOW_SLIDER_DESC">
					<option value="0">JNO</option>
					<option value="1">JYES</option>
				</field>
				<field type="spacer" label="&lt;hr &#47;&gt;" />
				<field type="spacer" label="MOD_DJIMAGESLIDER_FOLDER_AS_SOURCE_SETTINGS" />
				<field name="image_folder" type="text" default="images/sampledata/fruitshop" size="50" label="MOD_DJIMAGESLIDER_IMAGE_FOLDER" description="MOD_DJIMAGESLIDER_IMAGE_FOLDER_DESC" />
				<field name="link" type="text" default="" size="50" label="MOD_DJIMAGESLIDER_LINK" description="MOD_DJIMAGESLIDER_LINK_DESC" />
				
				<field type="spacer" label="&lt;hr &#47;&gt;" />
				<field type="spacer" label="MOD_DJIMAGESLIDER_COMPONENT_AS_SOURCE_SETTINGS" />
				<field name="category" type="category" extension="com_djimageslider" label="MOD_DJIMAGESLIDER_SLIDES_CATEGORY" description="MOD_DJIMAGESLIDER_SLIDES_CATEGORY_DESC" />
				<field name="show_title" type="radio" class="btn-group" default="1" label="MOD_DJIMAGESLIDER_SHOW_TITLE" description="MOD_DJIMAGESLIDER_SHOW_TITLE_DESC">
					<option value="0">JNO</option>
					<option value="1">JYES</option>
				</field>
				<field name="show_desc" type="radio" class="btn-group" default="0" label="MOD_DJIMAGESLIDER_SHOW_DESCRIPTION" description="MOD_DJIMAGESLIDER_SHOW_DESCRIPTION_DESC">
					<option value="0">JNO</option>
					<option value="1">JYES</option>
				</field>

				<field name="limit_desc" type="text" default="" size="10" label="MOD_DJIMAGESLIDER_DESCRIPTION_LIMIT" description="MOD_DJIMAGESLIDER_DESCRIPTION_LIMIT_DESC" />
                                <field type="spacer" label="&lt;hr &#47;&gt;" />
                                
                                <field type="spacer" label="SLIDER NOTICIAS" />
                                <field name="autoplay" type="radio" class="btn-group" default="0" label="Autoplay" description="MOD_DJIMAGESLIDER_SHOW_DESCRIPTION_DESC">
					<option value="0">JNO</option>
					<option value="1">JYES</option>
				</field>
			</fieldset>
			
			
			<fieldset name="advanced">
				
				<field
					name="layout"
					type="modulelayout"
					label="JFIELD_ALT_LAYOUT_LABEL"
					description="JFIELD_ALT_MODULE_LAYOUT_DESC" />
				<field
					name="moduleclass_sfx"
					type="text"
					label="COM_MODULES_FIELD_MODULECLASS_SFX_LABEL"
					description="COM_MODULES_FIELD_MODULECLASS_SFX_DESC" />
				<field
					name="cache"
					type="list"
					default="1"
					label="COM_MODULES_FIELD_CACHING_LABEL"
					description="COM_MODULES_FIELD_CACHING_DESC">
					<option
						value="1">JGLOBAL_USE_GLOBAL</option>
					<option
						value="0">COM_MODULES_FIELD_VALUE_NOCACHING</option>
				</field>
				<field
					name="cache_time"
					type="text"
					default="900"
					label="COM_MODULES_FIELD_CACHE_TIME_LABEL"
					description="COM_MODULES_FIELD_CACHE_TIME_DESC" />
				
			</fieldset>
			
		</fields>
	</config>
	
</extension>
