<?xml version="1.0" encoding="UTF-8"?>
<project-private xmlns="http://www.netbeans.org/ns/project-private/1">
    <editor-bookmarks xmlns="http://www.netbeans.org/ns/editor-bookmarks/2" lastBookmarkId="0"/>
    <open-files xmlns="http://www.netbeans.org/ns/projectui-open-files/2">
        <group>
            <file>file:/C:/xampp/htdocs/innovacion/modules/mod_djimageslider/assets/principal/boutique.css</file>
            <file>file:/C:/xampp/htdocs/innovacion/modules/mod_djimageslider/tmpl/principal.php</file>
            <file>file:/C:/xampp/htdocs/innovacion/modules/mod_djimageslider/tmpl/secundario.php</file>
            <file>file:/C:/xampp/htdocs/innovacion/modules/mod_djimageslider/tmpl/noticias.php</file>
            <file>file:/C:/xampp/htdocs/innovacion/modules/mod_djimageslider/mod_djimageslider.php</file>
            <file>file:/C:/xampp/htdocs/innovacion/modules/mod_djimageslider/tmpl/default.php</file>
            <file>file:/C:/xampp/htdocs/innovacion/modules/mod_djimageslider/mod_djimageslider.xml</file>
            <file>file:/C:/xampp/htdocs/innovacion/modules/mod_djimageslider/assets/principal/jquery.boutique.min.js</file>
        </group>
    </open-files>
</project-private>
